id,pos,phrase,paraphrases,sentence
wiki.3654,[VBN],located,established XXX localised XXX based XXX nestled XXX housed XXX iocated XXX positioned XXX installed XXX stationed XXX placed XXX found XXX sited XXX implanted XXX headquartered XXX situated XXX localized, the municipality is [[located]] in the franches-montagnes district .
wiki.7187,[VB],communicate,disclose XXX disseminate XXX provide XXX communication XXX interact XXX share XXX submit XXX inform XXX contact XXX send XXX convey XXX impart XXX transmit XXX notify, it can also [[communicate]] back with the user using speech synthesis .
wiki.2586,[CD],2.86,"2,86 XXX 7.55 XXX 286"," in its original broadcast , the episode was watched by [[2.86]] million viewers , ranking 104 of 111 in the weekly rankings ."
wiki.1505,[NNS],commissions,panels XXX committees XXX boards XXX fees, some of jagger 's major [[commissions]] include the following : some of swift 's associates first believed the video should have been set in a prior era .
wiki.6265,[NN],commission,unhcr XXX επιτροπή XXX committee XXX kommission XXX perpetration XXX chrc XXX board XXX council XXX tirexb XXX panel," abdullah abdullah , according to complaints lodged with the election [[commission]] by former finance minister dr ."
wiki.700,[VBG],improving,strengthening XXX enhancing XXX upgrading XXX improvement XXX increase XXX improvements XXX increasing XXX raising," he intimidated customers and welcomed online complaints about decormyeyes because they caused the site to appear higher in google search results , [[improving]] sales ."
wiki.5007,[NP],scotland,scotland 's XXX nova scotia XXX the scots," dalwhinnie distillery , in the highland village of dalwhinnie in [[scotland]] , produces single malt scotch whisky classified among the highland single malts ."
wiki.3311,[NN],rhetoric,discourse XXX rhetorical XXX speech XXX oratory," the following discussion of the '' new [[rhetoric]] '' is organized according to the three sections of the book , and covers the major concepts contained in each ."
wiki.698,[NN],family,clan XXX families XXX household XXX dynasty XXX familiale XXX kin XXX familial XXX home XXX famille," he inherited the [[family]] seat at leslie hill , ballymoney , county antrim from his uncle ."
wiki.7123,[WHNP],which,the context of which XXX which end XXX which knee XXX which guy XXX which girl XXX accordance with which XXX which purpose XXX which time XXX who the hell XXX what sort XXX respect of which XXX which ones XXX what kind XXX who the fuck XXX what truck XXX what choice XXX who else XXX what vase XXX the framework of which XXX both of which," in this case however activated frizzled causes a coupled g-protein to activate a phospholipase -lrb- plc -rrb- , [[which]] interacts with and splits pip2 into dag and ip3 ."
wiki.5626,[NP],the same person,the same individual XXX one individual XXX the same man XXX the same guy XXX the same position XXX the same people XXX one person," often players will mark [[the same person]] throughout the game , giving them an opportunity to pick up on their opponent 's strengths and weaknesses as they play ."
wiki.4091,[NN],war,warfare XXX guerre XXX wartime XXX fight XXX kara XXX fighting XXX battle XXX strife XXX oorlog XXX conflict, [[war]] chief .
wiki.6687,[RB],only,solo XXX lonely XXX just XXX that XXX do XXX jen XXX merely XXX barely XXX exclusively XXX purely XXX single XXX not XXX simply XXX but XXX alone XXX unique XXX solely, an even more interesting technique uses [[only]] one balu but requires the player to play the agung in reverse order of pitches .
wiki.3126,[NNS],buyers,shoppers XXX acquirers XXX purchasers XXX customers XXX offtakers, the demand for houses was so low among white [[buyers]] that mr .
wiki.499,[NN],town,city XXX shing XXX municipal XXX locality XXX ville XXX municipality XXX downtown XXX townsite XXX village XXX township," gradually over time , with more stable rule , the [[town]] and its region lost military importance ."
wiki.2374,[JJ],adjacent,neighboring XXX contiguous XXX neighbours XXX side XXX neighbour XXX surrounding XXX near XXX neighbouring XXX adjoining XXX close XXX peripheral XXX nearby," in 2005 mcbride opened a second studio , gravity mastering , [[adjacent]] in the same building ."
wiki.6572,[NN],job,duty XXX use XXX task XXX jobs XXX working XXX mission XXX work XXX 'emploi XXX vocational XXX labor XXX gig XXX employed XXX labour XXX workplace XXX professional XXX travail XXX position XXX post XXX employment XXX occupational," alongside this , decker had a teaching [[job]] at the university of berlin , and was appointed an honorary professor in june 1937 ."
wiki.4863,[JJ],close,closure XXX closer XXX latch XXX end XXX adjacent XXX intimate XXX lock XXX next XXX intensive XXX tight XXX near XXX strong XXX closed XXX firm XXX closing XXX narrow XXX strict XXX nearby," [[close]] type 201 2.15 1.05 1.10 2,5 [[close]] type 22 2.15 1.05 2.20 2,5 club career ."
wiki.3824,[RB],simultaneously,concurrently XXX meanwhile XXX contemporaneously XXX concomitantly," thus , it can execute eight threads [[simultaneously]] ."
wiki.1075,[ADVP],no longer,never again XXX any more XXX no more, rhacophorus viridis '' is [[no longer]] present on yoronjima island .
wiki.5294,[NNS],feelings,passions XXX emotions XXX sentiments XXX sensations XXX impressions XXX affections, max and miriya look into each other 's eyes and miriya realizes that the [[feelings]] she holds toward max are not of hate but of love .
wiki.4440,[VBN],cited,named XXX invoked XXX quoted XXX referenced XXX listed XXX summoned XXX mentioned XXX isced XXX referred," because the start of the contract air mail system is considered the beginning of airline service , cuddeback 's flight is [[cited]] as the first u.s ."
wiki.4070,[NP],the european parliament,the parliament XXX this house XXX the ep 's XXX the european parliament 's XXX the house XXX our parliament XXX the ep XXX parliament 's XXX this parliament," viviane reding -lrb- born 27 april 1951 in esch-sur-alzette -rrb- is a luxembourg politician , currently serving as member of [[the european parliament]] ."
wiki.1523,[NN],plight,predicament XXX spell XXX dilemma XXX distress XXX fate XXX ordeal XXX suffering XXX misery XXX situation XXX hardship," son , arash , and daughter , parastou , are both politically active and continue to raise awareness of the [[plight]] of political dissidents in iran ."
wiki.8870,[VBN],pumped,injected XXX psyched XXX excited," this method uses small ponds in which the water seeps through the sand into the aquifer in about 400 days , then is [[pumped]] out as clear purified water ."
wiki.2376,[NN],university,league XXX unu XXX université XXX academia XXX academic XXX u. XXX college XXX universitaire XXX campus," in 2005 , she obtained a master 's degree in science and international politics at the college of interdisciplinary studies , [[university]] of paris ."
wiki.5292,[NNP],sunday,domingo XXX jy XXX monday XXX sundays XXX sun XXX yesterday XXX saturday XXX domingos XXX dimanche XXX nr XXX sonntag XXX today, maudling 's statement in the house of commons after bloody [[sunday]] agreed with the british army 's statement that the parachute regiment had fired only in self-defence .
wiki.2829,[VBN],known,renowned XXX experienced XXX undergone XXX recognized XXX understood XXX recognised XXX seen XXX called, the ambrosia beetles -lrb- such as '' xyleborus '' -rrb- feed on fungal '' gardens '' and are one of only three insect groups [[known]] to farm fungi .
wiki.5982,[VBG],experiencing,facing XXX experimenting XXX suffering XXX witnessing XXX undergoing, patients with brain injuries preventing them from [[experiencing]] disgust could recognize disgust in the faces of others .
wiki.7014,[JJ],extinct,extirpated XXX disappeared XXX extinguishment XXX missing," at the time of the medieval kingdom of sicily , however , bithynia was long [[extinct]] and its territories were controlled by the byzantine empire ."
wiki.8862,[NN],book,pound XXX bible XXX £ XXX booklet XXX bookie XXX manual XXX carnet XXX livre XXX ledger XXX accountant XXX paper XXX books XXX textbook XXX workbook XXX accounting XXX cookbook XXX yearbook XXX notebook XXX reserve, this latter [[book]] has been described as '' one of the most discussed books of the 1980s '' .
wiki.1000,[NN],rca,cr XXX vc XXX rc," ray armstead [[rca]] also issued limited 5,000 copies of a quadruple vinyl lp record ."
wiki.1510,[RB],also,even XXX again XXX equally XXX elsewhere XXX similarly XXX likewise XXX furthermore XXX well XXX besides XXX too XXX additionally XXX moreover XXX further XXX still XXX either," some people [[also]] prefer a cue with no wrap , and thus just a glossed finish on wood ."
wiki.7995,[NP],a little,a sip XXX a break XXX a moment XXX a bit XXX a few XXX a second XXX a minute XXX a while XXX a touch XXX a iittle XXX a little bit XXX little bit," the parish church of st nidans is located near the a4080 highway , [[a little]] to the east of brynsiencyn ."
wiki.7966,[NNS],apes,gorillas XXX epas XXX monkeys XXX chimps," the order primates contains humans and their closest relatives : lemurs , lorisoids , tarsiers , monkeys , and [[apes]] ."
wiki.755,[CD],six,60 XXX vi XXX 600 XXX 6, he made 159 appearances for shanghai shenhua and scored [[six]] times in a period that saw him win the 1998 chinese fa cup and 2003 league title .
wiki.7732,[CONJP],but not,albeit not XXX rather than XXX just not XXX though not XXX although not XXX but never, lee noted that the album was fun [[but not]] in a '' poppy way '' .
wiki.3717,[NN],ms,madam XXX dm XXX sp XXX msec XXX fs XXX sm," the next day , veronica is about to tell [[ms]] ."
wiki.7961,[RB],critically,severely XXX seriously XXX vitally XXX dangerously XXX crucially XXX extremely XXX decisively, the only [[critically]] endangered species that are neither rodents nor shrews are the cozumel island raccoon and the gulf of california harbor porpoise or vaquita .
wiki.6897,[NP],public institutions,public enterprises XXX public organizations XXX state schools XXX public authorities XXX state agencies XXX public offices XXX governmental institutions XXX public agencies XXX government institutions XXX public facilities XXX public bodies XXX government agencies XXX public organisations XXX public entities XXX the state institutions XXX state institutions XXX public schools XXX public corporations," as [[public institutions]] , coplac colleges and universities combine an egalitarian concern for access with academic rigor ."
wiki.680,[NP],1990,"the nineties XXX 90 years XXX the 1990 level XXX the 1990 ""s XXX the 1990s XXX the 1990 's XXX 1990 levels XXX august 1990", he has also participated in will eisner 's '' mastership class '' in [[1990]] .
wiki.322,[RB],similarly,equally XXX likewise XXX furthermore XXX analogously XXX also XXX moreover XXX conversely," for the regiment , activities in the new millennium began [[similarly]] to the 1990s ."
wiki.3481,[NN],color,hue XXX coloring XXX colour XXX colouration XXX complexion XXX colouring XXX staining XXX coloration," their pelage is grayish-brown on the dorsal side , with a darker stripe along the midline of the back , and a pale cream [[color]] on the ventral side ."
wiki.6953,[NP],each year,all years XXX any given year XXX year after year XXX any one year XXX any year XXX each fiscal year XXX every year XXX a year XXX each financial year XXX a yearly basis XXX an annual basis XXX each financial period," at its peak in the last quarter of the 19th century almost 2,000 timber rafts were floated downriver [[each year]] ."
wiki.8749,[JJ],new,novo XXX nouveau XXX emerging XXX novel XXX incoming XXX additional XXX brand-new XXX nouvelle XXX innovative XXX young XXX ny XXX renewed XXX nine XXX newer XXX further XXX fresh XXX new-type XXX recent XXX nouveaux, they were a temporary solution until planned production of [[new]] novi avion multirole aircraft .
wiki.3805,[NN],legislation,legislative XXX législation XXX legislature XXX ordinance XXX legislating XXX bill XXX statutory XXX lois XXX regulation XXX act XXX law XXX normative XXX lawmaking, three quarters of countries around the world have mental health [[legislation]] .
wiki.3551,[NNS],looks,hopes XXX sounds XXX appears," the [[looks]] were required to feature the color red and elements with campbell 's branding , and were modeled by women who had been impacted by heart disease ."
wiki.189,[NN],m,ft XXX ad XXX f XXX million XXX metre XXX metres XXX meter XXX m2, feminized names are included -lrb- [[m]] .
wiki.2656,[NN],african,au XXX africans XXX africa XXX africaine XXX africain," in november 2002 , stewart worked with former south [[african]] president nelson mandela ."
wiki.2945,[ADVP],however,""" nevertheless XXX even then XXX • nevertheless XXX even if XXX • however XXX yet here XXX in fact XXX even so XXX all the same XXX as much XXX that being so XXX well then XXX all in all XXX even though XXX then again XXX that notwithstanding XXX yet somehow XXX as far XXX as well"," the bullsquid 's most striking feature , [[however]] , is the collection of bright red , tentacular protrusions which surround its mouth and allow it to grasp prey ."
wiki.6968,[NNS],attempts,retries XXX endeavors XXX tries XXX experiments XXX efforts XXX endeavours, [[attempts]] by the council to gain support for city status were rejected by the population in an unofficial referendum held by the '' huddersfield daily examiner '' .
wiki.2023,[NN],prayer,pray XXX praying XXX please XXX worship XXX sentence," house of intercessory [[prayer]] ministries -lrb- hipm -rrb- , a paoc church ."
wiki.5676,[CD],three,3 XXX iii XXX third," on 1 march 1940 , hungary organized its ground forces into [[three]] field armies ."
wiki.8499,[RB],later,then XXX afterwards XXX eventually XXX thereafter XXX after XXX late XXX below XXX iater XXX further XXX subsequently XXX afterward XXX rear," the team exumed the bodies in 1984 and found them to be perfectly preserved , [[later]] determining that they had died from lead poisoning ."
wiki.3925,[ADVP],also,in addition XXX that too XXX so too XXX anywhere else XXX even more XXX equally well XXX here too XXX somewhere else XXX as equally XXX just as XXX in turn XXX someplace else XXX there too XXX as well as XXX no less XXX off somewhere else XXX just as much XXX as well," trichilia dregeana , or forest mahogany [[also]] yields timber and is [[also]] used in carvings , traditional african musical instruments , household implements , furniture , bats and canoes ."
wiki.3925,[ADVP],also,in addition XXX that too XXX so too XXX anywhere else XXX even more XXX equally well XXX here too XXX somewhere else XXX as equally XXX just as XXX in turn XXX someplace else XXX there too XXX as well as XXX no less XXX off somewhere else XXX just as much XXX as well," trichilia dregeana , or forest mahogany [[also]] yields timber and is [[also]] used in carvings , traditional african musical instruments , household implements , furniture , bats and canoes ."
wiki.3472,[NP],the oceans,the world 's oceans XXX the seas XXX ocean affairs XXX the ocean, their goal is to create a political environment where protecting and restoring [[the oceans]] is a national government priority .
wiki.8079,[NN],college,colleges XXX collégiale XXX institute XXX academy XXX university XXX school XXX coilege XXX faculty XXX peer XXX école XXX collegium XXX caf," the presbyterian ladies ' [[college]] , pymble was opened on 8 february 1916 with 48 day girls and 86 boarders ."
wiki.7105,[NN],fraction,faction XXX aliquot XXX proportion XXX portion XXX part XXX split XXX percentage XXX moiety, in the tradition of samael aun weor it is taught that most people have only incarnated a [[fraction]] of the causal body or human soul .
wiki.2881,[VBN],opened,appropriated XXX fired XXX initiated XXX opening XXX started XXX open XXX reopened XXX begun XXX inaugurated XXX launched XXX paved," the b1 and b2 storeys were [[opened]] in 27 november 2009 , and the rest of the mall was [[opened]] in 5 december ."
wiki.2881,[VBN],opened,appropriated XXX fired XXX initiated XXX opening XXX started XXX open XXX reopened XXX begun XXX inaugurated XXX launched XXX paved," the b1 and b2 storeys were [[opened]] in 27 november 2009 , and the rest of the mall was [[opened]] in 5 december ."
wiki.5117,[ADVP],also,in addition XXX that too XXX so too XXX anywhere else XXX even more XXX equally well XXX here too XXX somewhere else XXX as equally XXX just as XXX in turn XXX someplace else XXX there too XXX as well as XXX no less XXX off somewhere else XXX just as much XXX as well," disillusioned with the mughal court , nizam-ul-mulk [[also]] intended set up his own independed state , and left for the south as the governor of malwa and deccan ."
wiki.1105,[VBN],united,kingdom XXX organization XXX unified, rodriguez was thus the first known puerto rican veteran of the [[united]] states armed forces .
wiki.1744,[NN],day,current XXX zi XXX dnia XXX days XXX daily XXX dia XXX dniem XXX daylight XXX tag XXX dated XXX time XXX date XXX morning XXX dniu XXX today XXX nap, that friendship still remains to this [[day]] .
wiki.6639,[VBZ],plays,play XXX contributes XXX fulfils XXX is XXX serves XXX performs XXX has, amir nasar a din -lrb- ; born 5 march 1993 -rrb- is an arab-israeli footballer who [[plays]] as a defender .
wiki.4462,[VBP],go,partir XXX get XXX skip XXX move XXX gonna XXX leave XXX 'il XXX come XXX spend," before the story is done they [[go]] past austria as well , which klaus refers to as '' a mecca for spies '' ."
wiki.4578,[JJ],british,britain XXX uk XXX english," bourne & shepherd , photographic studio was established here in 1867 by [[british]] photographers , samuel bourne and charles shepherd , and still exist here ."
wiki.2462,[NN],bar,counsel XXX bass XXX handrail XXX barrister XXX cantina XXX rod XXX pub XXX solicitor XXX stroke XXX stand XXX slash XXX helm XXX lawyer XXX saloon XXX handlebar XXX tiller XXX toolbar," in addition to the medal it consists of a miniature medal , lapel [[bar]] , rosette , and a certificate signed by the secretary of the navy ."
wiki.6810,[RB],as,equally XXX already XXX co XXX iike XXX title XXX because XXX como XXX under, [[as]] a result of my prayer over 's work and conversations with my spiritual director at st .
wiki.7376,[QP],more than 5000,"more than five thousand XXX more than 5,000 XXX over 5,000 XXX more than 5 000", it saw [[more than 5000]] stage performances during mali 's lifetime .
wiki.592,[PP],at the moment,for now XXX for the time XXX at the present moment XXX at this stage XXX at this juncture XXX at this particular time XXX at this point XXX at present XXX for the time being XXX at this point in time XXX at the time XXX at this time XXX at this moment in time XXX at this very moment XXX for the present XXX at the present time XXX at the current time, he also pointed that the film was only on re-release due to the walter lantz studio being shut down [[at the moment]] .
wiki.5695,[CD],2008,2008. XXX 08 XXX 8002," on 27 november 2007 , gbagbo and soro signed another agreement in ouagadougou , this one to hold the planned election before the end of june [[2008]] ."
wiki.609,[VBD],became,turned XXX took XXX become XXX entered XXX was XXX went XXX came, he [[became]] a free agent at season 's end .
wiki.3847,[NN],security,warranty XXX security-building XXX secure XXX certainty XXX safe XXX protection XXX safety XXX safing XXX sécurité XXX insurance XXX assurance XXX guarantee," tivyna '' chamberlin , 1948 tkip and the related wpa standard implement three new [[security]] features to address [[security]] problems encountered in wep protected networks . '"
wiki.3847,[NN],security,warranty XXX security-building XXX secure XXX certainty XXX safe XXX protection XXX safety XXX safing XXX sécurité XXX insurance XXX assurance XXX guarantee," tivyna '' chamberlin , 1948 tkip and the related wpa standard implement three new [[security]] features to address [[security]] problems encountered in wep protected networks . '"
wiki.2566,[NN],university,league XXX unu XXX université XXX academia XXX academic XXX u. XXX college XXX universitaire XXX campus," in his honor , the [[university]] established the charles o. hucker professorship in the department of asian languages and cultures ."
wiki.5351,[RB],initially,firstly XXX tentatively XXX originally XXX early XXX first," michael [[initially]] stands down , but then decides to confront donna about what happened ."
wiki.3077,[NP],the construction,construction industry XXX the establishment XXX construction work XXX the building XXX the erection XXX the development XXX the construction work XXX the construction industry XXX the creation XXX the manufacture, [[the construction]] of the ship was approved by the icelandic government on 4 march 2005 .
wiki.2882,[VBZ],consists,understands XXX is XXX contains XXX encompasses XXX covers XXX includes XXX comprises XXX decomposes XXX involves," the backward classes [[consists]] of naies , khati , mehra & bhatth ."
wiki.6627,[NN],philosopher,thinker XXX philosophy XXX theorist," a major early influence was the moral [[philosopher]] , edward caird : first as professor at glasgow and then as master of balliol ."
wiki.1962,[NP],the population,the peoples XXX the population 's XXX their people XXX the general public XXX the residents XXX the inhabitants XXX the general population XXX their populations XXX the populations XXX the populace XXX its people XXX the total population XXX the people XXX the older population XXX the public XXX the country 's population, hispanic or latino of any race were 2.64 % of [[the population]] .
wiki.8877,[NP],this object,the artifact XXX this purpose XXX this end XXX this article XXX that purpose," [[this object]] gives the programmer a number of tools for specifying and controlling user interface appearance and behavior , and also provides simplified access to database content ."
wiki.2641,[CD],4,4. XXX 4.0 XXX 04 XXX 16 XXX 16.00 XXX 40 XXX iv XXX four XXX 3 XXX 4th XXX 5 XXX 400 XXX 4.00 XXX 4-," in may 2011 , 15 exercise machines were added to [[4]] different locations in the park ."
wiki.5604,[NN],goal,lens XXX end XXX target XXX object XXX focus XXX aim XXX intention XXX meta XXX intent XXX purpose XXX ambition XXX objective XXX order XXX view," nyaunggon , bhamo nylander scored the game-winning [[goal]] in overtime ."
wiki.8065,[NN],african,au XXX africans XXX africa XXX africaine XXX africain," the poor white were unequal in terms of income , education , and medical treatment than other white americans ; only [[african]] americans in the southern states fared worse ."
wiki.1290,[NN],rest,resting XXX diner XXX roosting XXX restaurant XXX repose XXX stay XXX break XXX remain XXX other XXX layover XXX balance XXX remainder, she demands the [[rest]] of the firm to give her the recordings who contains recordings of her and david in bed .
wiki.8855,[NP],the title,the shot XXX the heading XXX the designation XXX the headline XXX the titles XXX the name XXX the deed XXX the style, this is the first time the philippines won [[the title]] of miss world .
wiki.4756,[ADVP],on,days ago XXX in respect XXX because of, carry me [[on]] is a song by brookes brothers featuring chrom3 .
wiki.740,[VBD],served,acted XXX used XXX played XXX worked XXX serviced, he later [[served]] as assistant u.s .
wiki.8314,[VBG],invoking,citing XXX alleging XXX evoking," these amulets are most likely an allusion to the connection between the eye of horus and the eye of ra , [[invoking]] their power for personal protection ."
wiki.1963,[NN],turn,trick XXX convert XXX rotate XXX return XXX transforming XXX shift XXX ride XXX transform XXX twist XXX tour XXX pivot XXX turning XXX tower XXX round, his parents had migrated from antigua shortly after the [[turn]] of the century .
wiki.5060,[JJ],separate,separated XXX independent XXX different XXX own XXX segregated XXX standalone XXX distinct XXX distinctive XXX stand-alone XXX isolated XXX specific XXX discrete XXX breakaway XXX individual XXX various XXX split XXX free-standing XXX sporadic XXX autonomous XXX independence," despite being re-issues , they were given different catalogue numbers and therefore count as [[separate]] singles , giving elvis 21 number one singles ."
wiki.4785,[JJ],third,third- XXX 3rd XXX third-largest XXX non-community XXX third-party XXX one-third XXX high-mount XXX 3e XXX thirdly XXX no.3 XXX tertiary XXX non-member XXX non-union XXX iii XXX non-eu XXX troisième," chandhok amassed ten points in the championship , with a best result of [[third]] at silverstone ."
wiki.8763,[VBZ],falls,rests XXX belongs XXX drops XXX lies," thinking she is on her way to something bigger , she overlooks a building pit and [[falls]] right into it and is knocked unconscious ."
wiki.867,[NNP],october,ocotber XXX 10 XXX octobre XXX οκτωβρίου XXX octobers XXX oktober XXX oct, he signed for league two club york city on a 28-day emergency loan on 4 [[october]] 2013 .
wiki.6018,[RB],newly,recently XXX newly- XXX freshly XXX lately," petra 's performances soon attracted the notice of another [[newly]] formed label , star song records , which inked the band for its third album ."
wiki.570,[NN],staff,manpower XXX personal XXX personnel XXX team XXX workforce XXX officers XXX recruitment XXX officer XXX template XXX staﬀ XXX employee XXX staffing," he also attended the '' air command and [[staff]] course '' at maxwell air force base , in montgomery , alabama , usa ."
wiki.7836,[NN],pass,cervix XXX collar XXX transition XXX success XXX skip XXX laissez-passer XXX move XXX passage XXX phase XXX passport XXX crossing XXX passing XXX col, louis and [[pass]] christian was completely destroyed by the storm ; only the support structure was left .
wiki.5473,[VBG],beginning,commencing XXX starting XXX principles XXX opening, muslims followed in large numbers [[beginning]] in the late 1960s .
wiki.2252,[JJ],new,novo XXX nouveau XXX emerging XXX novel XXX incoming XXX additional XXX brand-new XXX nouvelle XXX innovative XXX young XXX ny XXX renewed XXX nine XXX newer XXX further XXX fresh XXX new-type XXX recent XXX nouveaux," in 1937 , the narrow crossing of silver lake along state street in dover was replaced with a [[new]] , wider bridge ."
