id,pos,phrase,sentence,paraphrase0,paraphrase1,paraphrase2,paraphrase3,paraphrase4,paraphrase5,paraphrase6,paraphrase7,paraphrase8,paraphrase9
wiki.3654,[VBN],located," the municipality is <strong><font color=""blue"">located</strong></font> in the franches-montagnes district .",established,localised,based,nestled,housed,iocated,positioned,installed,stationed,placed
wiki.7187,[VB],communicate," it can also <strong><font color=""blue"">communicate</strong></font> back with the user using speech synthesis .",disclose,disseminate,provide,communication,interact,share,submit,inform,contact,send
wiki.6265,[NN],commission," abdullah abdullah , according to complaints lodged with the election <strong><font color=""blue"">commission</strong></font> by former finance minister dr .",unhcr,επιτροπή,committee,kommission,perpetration,chrc,board,council,tirexb,panel
wiki.7123,[WHNP],which," in this case however activated frizzled causes a coupled g-protein to activate a phospholipase -lrb- plc -rrb- , <strong><font color=""blue"">which</strong></font> interacts with and splits pip2 into dag and ip3 .",the context of which,which end,which knee,which guy,which girl,accordance with which,which purpose,which time,who the hell,what sort
wiki.4091,[NN],war," <strong><font color=""blue"">war</strong></font> chief .",warfare,guerre,wartime,fight,kara,fighting,battle,strife,oorlog,conflict
wiki.6687,[RB],only," an even more interesting technique uses <strong><font color=""blue"">only</strong></font> one balu but requires the player to play the agung in reverse order of pitches .",solo,lonely,just,that,do,jen,merely,barely,exclusively,purely
wiki.499,[NN],town," gradually over time , with more stable rule , the <strong><font color=""blue"">town</strong></font> and its region lost military importance .",city,shing,municipal,locality,ville,municipality,downtown,townsite,village,township
wiki.2374,[JJ],adjacent," in 2005 mcbride opened a second studio , gravity mastering , <strong><font color=""blue"">adjacent</strong></font> in the same building .",neighboring,contiguous,neighbours,side,neighbour,surrounding,near,neighbouring,adjoining,close
wiki.6572,[NN],job," alongside this , decker had a teaching <strong><font color=""blue"">job</strong></font> at the university of berlin , and was appointed an honorary professor in june 1937 .",duty,use,task,jobs,working,mission,work,'emploi,vocational,labor
wiki.4863,[JJ],close," <strong><font color=""blue"">close</strong></font> type 201 2.15 1.05 1.10 2,5 close type 22 2.15 1.05 2.20 2,5 club career .",closure,closer,latch,end,adjacent,intimate,lock,next,intensive,tight
wiki.1523,[NN],plight," son , arash , and daughter , parastou , are both politically active and continue to raise awareness of the <strong><font color=""blue"">plight</strong></font> of political dissidents in iran .",predicament,spell,dilemma,distress,fate,ordeal,suffering,misery,situation,hardship
wiki.5292,[NNP],sunday," maudling 's statement in the house of commons after bloody <strong><font color=""blue"">sunday</strong></font> agreed with the british army 's statement that the parachute regiment had fired only in self-defence .",domingo,jy,monday,sundays,sun,yesterday,saturday,domingos,dimanche,nr
wiki.8862,[NN],book," this latter <strong><font color=""blue"">book</strong></font> has been described as '' one of the most discussed books of the 1980s '' .",pound,bible,£,booklet,bookie,manual,carnet,livre,ledger,accountant
wiki.1510,[RB],also," some people <strong><font color=""blue"">also</strong></font> prefer a cue with no wrap , and thus just a glossed finish on wood .",even,again,equally,elsewhere,similarly,likewise,furthermore,well,besides,too
wiki.7995,[NP],a little," the parish church of st nidans is located near the a4080 highway , <strong><font color=""blue"">a little</strong></font> to the east of brynsiencyn .",a sip,a break,a moment,a bit,a few,a second,a minute,a while,a touch,a iittle
wiki.6897,[NP],public institutions," as <strong><font color=""blue"">public institutions</strong></font> , coplac colleges and universities combine an egalitarian concern for access with academic rigor .",public enterprises,public organizations,state schools,public authorities,state agencies,public offices,governmental institutions,public agencies,government institutions,public facilities
wiki.6953,[NP],each year," at its peak in the last quarter of the 19th century almost 2,000 timber rafts were floated downriver <strong><font color=""blue"">each year</strong></font> .",all years,any given year,year after year,any one year,any year,each fiscal year,every year,a year,each financial year,a yearly basis
wiki.8749,[JJ],new," they were a temporary solution until planned production of <strong><font color=""blue"">new</strong></font> novi avion multirole aircraft .",novo,nouveau,emerging,novel,incoming,additional,brand-new,nouvelle,innovative,young
wiki.3805,[NN],legislation," three quarters of countries around the world have mental health <strong><font color=""blue"">legislation</strong></font> .",legislative,législation,legislature,ordinance,legislating,bill,statutory,lois,regulation,act
wiki.2945,[ADVP],however," the bullsquid 's most striking feature , <strong><font color=""blue"">however</strong></font> , is the collection of bright red , tentacular protrusions which surround its mouth and allow it to grasp prey .",""" nevertheless",even then,• nevertheless,even if,• however,yet here,in fact,even so,all the same,as much
wiki.8499,[RB],later," the team exumed the bodies in 1984 and found them to be perfectly preserved , <strong><font color=""blue"">later</strong></font> determining that they had died from lead poisoning .",then,afterwards,eventually,thereafter,after,late,below,iater,further,subsequently
wiki.3925,[ADVP],also," trichilia dregeana , or forest mahogany <strong><font color=""blue"">also</strong></font> yields timber and is also used in carvings , traditional african musical instruments , household implements , furniture , bats and canoes .",in addition,that too,so too,anywhere else,even more,equally well,here too,somewhere else,as equally,just as
wiki.3925,[ADVP],also," trichilia dregeana , or forest mahogany <strong><font color=""blue"">also</strong></font> yields timber and is also used in carvings , traditional african musical instruments , household implements , furniture , bats and canoes .",in addition,that too,so too,anywhere else,even more,equally well,here too,somewhere else,as equally,just as
wiki.8079,[NN],college," the presbyterian ladies ' <strong><font color=""blue"">college</strong></font> , pymble was opened on 8 february 1916 with 48 day girls and 86 boarders .",colleges,collégiale,institute,academy,university,school,coilege,faculty,peer,école
wiki.2881,[VBN],opened," the b1 and b2 storeys were <strong><font color=""blue"">opened</strong></font> in 27 november 2009 , and the rest of the mall was opened in 5 december .",appropriated,fired,initiated,opening,started,open,reopened,begun,inaugurated,launched
wiki.2881,[VBN],opened," the b1 and b2 storeys were <strong><font color=""blue"">opened</strong></font> in 27 november 2009 , and the rest of the mall was opened in 5 december .",appropriated,fired,initiated,opening,started,open,reopened,begun,inaugurated,launched
wiki.5117,[ADVP],also," disillusioned with the mughal court , nizam-ul-mulk <strong><font color=""blue"">also</strong></font> intended set up his own independed state , and left for the south as the governor of malwa and deccan .",in addition,that too,so too,anywhere else,even more,equally well,here too,somewhere else,as equally,just as
wiki.1744,[NN],day," that friendship still remains to this <strong><font color=""blue"">day</strong></font> .",current,zi,dnia,days,daily,dia,dniem,daylight,tag,dated
wiki.2462,[NN],bar," in addition to the medal it consists of a miniature medal , lapel <strong><font color=""blue"">bar</strong></font> , rosette , and a certificate signed by the secretary of the navy .",counsel,bass,handrail,barrister,cantina,rod,pub,solicitor,stroke,stand
wiki.592,[PP],at the moment," he also pointed that the film was only on re-release due to the walter lantz studio being shut down <strong><font color=""blue"">at the moment</strong></font> .",for now,for the time,at the present moment,at this stage,at this juncture,at this particular time,at this point,at present,for the time being,at this point in time
wiki.3847,[NN],security," tivyna '' chamberlin , 1948 tkip and the related wpa standard implement three new <strong><font color=""blue"">security</strong></font> features to address security problems encountered in wep protected networks . '",warranty,security-building,secure,certainty,safe,protection,safety,safing,sécurité,insurance
wiki.3847,[NN],security," tivyna '' chamberlin , 1948 tkip and the related wpa standard implement three new <strong><font color=""blue"">security</strong></font> features to address security problems encountered in wep protected networks . '",warranty,security-building,secure,certainty,safe,protection,safety,safing,sécurité,insurance
wiki.3077,[NP],the construction," <strong><font color=""blue"">the construction</strong></font> of the ship was approved by the icelandic government on 4 march 2005 .",construction industry,the establishment,construction work,the building,the erection,the development,the construction work,the construction industry,the creation,the manufacture
wiki.1962,[NP],the population," hispanic or latino of any race were 2.64 % of <strong><font color=""blue"">the population</strong></font> .",the peoples,the population 's,their people,the general public,the residents,the inhabitants,the general population,their populations,the populations,the populace
wiki.2641,[CD],4," in may 2011 , 15 exercise machines were added to <strong><font color=""blue"">4</strong></font> different locations in the park .",4.,4.0,04,16,16.00,40,iv,four,3,4th
wiki.5604,[NN],goal," nyaunggon , bhamo nylander scored the game-winning <strong><font color=""blue"">goal</strong></font> in overtime .",lens,end,target,object,focus,aim,intention,meta,intent,purpose
wiki.1290,[NN],rest," she demands the <strong><font color=""blue"">rest</strong></font> of the firm to give her the recordings who contains recordings of her and david in bed .",resting,diner,roosting,restaurant,repose,stay,break,remain,other,layover
wiki.1963,[NN],turn," his parents had migrated from antigua shortly after the <strong><font color=""blue"">turn</strong></font> of the century .",trick,convert,rotate,return,transforming,shift,ride,transform,twist,tour
wiki.5060,[JJ],separate," despite being re-issues , they were given different catalogue numbers and therefore count as <strong><font color=""blue"">separate</strong></font> singles , giving elvis 21 number one singles .",separated,independent,different,own,segregated,standalone,distinct,distinctive,stand-alone,isolated
wiki.4785,[JJ],third," chandhok amassed ten points in the championship , with a best result of <strong><font color=""blue"">third</strong></font> at silverstone .",third-,3rd,third-largest,non-community,third-party,one-third,high-mount,3e,thirdly,no.3
wiki.570,[NN],staff," he also attended the '' air command and <strong><font color=""blue"">staff</strong></font> course '' at maxwell air force base , in montgomery , alabama , usa .",manpower,personal,personnel,team,workforce,officers,recruitment,officer,template,staﬀ
wiki.7836,[NN],pass," louis and <strong><font color=""blue"">pass</strong></font> christian was completely destroyed by the storm ; only the support structure was left .",cervix,collar,transition,success,skip,laissez-passer,move,passage,phase,passport
wiki.2252,[JJ],new," in 1937 , the narrow crossing of silver lake along state street in dover was replaced with a <strong><font color=""blue"">new</strong></font> , wider bridge .",novo,nouveau,emerging,novel,incoming,additional,brand-new,nouvelle,innovative,young
wiki.2239,[NN],name," in 1923 the rights to the <strong><font color=""blue"">name</strong></font> and the goodwill were purchased by the fox brothers who incorporated vanden plas -lrb- england -rrb- 1923 limited .",appoint,nom,appellation,surname,designation,title,sake,particular,emi,number
wiki.4298,[NN],house," with that acquisition he gained a seat in the <strong><font color=""blue"">house</strong></font> of commons , as that was a rotten borough .",classroom,parliamentary,hemicycle,parliament,assembly,room,sitting,residence,housing,bedroom
wiki.7300,[JJ],possible," it is noted for publishing the widest <strong><font color=""blue"">possible</strong></font> range of contemporary creative writing .",available,prospective,utmost,contingent,eventual,can,able,feasible,likely,potential
wiki.5631,[WHNP],who," of the 21 <strong><font color=""blue"">who</strong></font> completed tertiary schooling , 71.4 % were swiss men , 23.8 % were swiss women .",which users,who else,which party,whose revolution,- to whom,who the hell,what names,whose disappearance,how many,which client
wiki.8378,[VB],facilitate," these systems will <strong><font color=""blue"">facilitate</strong></font> the transition of the legacy on-board infrastructure , transmission systems , tactical data link systems , and user applications to the objective airborne network systems .",facilitation,assist,help,support,provide,allow,ease,facilitating,contribute,facilitated
wiki.7295,[VBN],named," it is <strong><font color=""blue"">named</strong></font> after former osu and new york yankees baseball great , allie reynolds .",name,dubbed,cited,designated,nominated,called,baptized,mentioned,referred,appointed
wiki.8315,[NN],space," the search for the first americans in <strong><font color=""blue"">space</strong></font> excludes yeager , because he lacks a college degree .",satellite,room,spaceflight,area,spacing,spacecraft,place,'espace,aerospace,spatial
wiki.4117,[NNS],songs," we are happier than ever and have so many <strong><font color=""blue"">songs</strong></font> we are dying to show you guys !",iyrics,folksongs,lyrics,chants,tracks,chansons,tunes,melodies,hymns,ballads
wiki.4357,[JJ],self-sufficient," young envisioned a <strong><font color=""blue"">self-sufficient</strong></font> mormon state , and one important resource required by the mormons was iron .",self-governing,autonomy,self-satisfied,self-sustainable,own-source,self-sustaining,self-sustainment,self-supporting,self-contained,selfsufficient
wiki.2892,[JJ],new," the band rehearsed for six days , played three shows in amsterdam and wrote some <strong><font color=""blue"">new</strong></font> material for the band 's debut album '' parts unknown .",novo,nouveau,emerging,novel,incoming,additional,brand-new,nouvelle,innovative,young
wiki.6061,[CD],2006," podolski was selected in the germany squad for the <strong><font color=""blue"">2006</strong></font> world cup , where he partnered miroslav klose as the attack duo in the starting lineup .",27/10/2006,06,28/10/2006,29/10/2006,24/10/2006,2007,2005,30/10/2006,20061,2006.
wiki.165,[NN],year," fall was appointed judge of the third judicial district 1893 , and associate justice of the new mexico supreme court later the same <strong><font color=""blue"">year</strong></font> .",année,annum,general,grade,annual,period,years,anno,enjoyment,sunnis
wiki.1755,[JJ],voluntary," that suit resulted in <strong><font color=""blue"">voluntary</strong></font> dismissal .",volunteering,wilful,spontaneous,freewill,deliberate,intentional,volunteerism,voluntarily,volunteers,optional
wiki.5629,[RB],so," often these houses only consist of one single room where the meals are prepared on open fire <strong><font color=""blue"">so</strong></font> that the smoke can cause infections of the eyes .",even,then,too,thereby,etc,very,well,thus,till,accordingly
wiki.5729,[NN],bottom," once they have reached the <strong><font color=""blue"">bottom</strong></font> , they then begin maturing into the adult stage of their life cycle .",substance,fond,underside,substantive,down,fund,below,seabed,low,background
wiki.1897,[ADJP],interested," himantoglossum hircinum hindi actors of punjabi descent became <strong><font color=""blue"">interested</strong></font> in punjabi films .",just curious,interested in attending,concerned about,a little bit funny,related to,definitely interested,worth his time,so interested in him,interested and affected,concerned with
wiki.946,[NNS],communities," psusd governs the western half of the valley ; the coachella valley unified school district and desert sands unified school district oversee <strong><font color=""blue"">communities</strong></font> in the eastern half .",municipalities,sects,populations,collectivités,community,communautés,localities,comunidades,groups,collectivities
wiki.743,[NP],the race," he led more laps in <strong><font color=""blue"">the race</strong></font> than he did in the entire 2008 season .",the contest,the running,the fare,the track,the career,the run,the ride,the competition,the run-up,the careers
wiki.3311,[NNS],sections," the following discussion of the '' new rhetoric '' is organized according to the three <strong><font color=""blue"">sections</strong></font> of the book , and covers the major concepts contained in each .",layers,articles,stretches,branches,sects,sectors,divisions,items,segments,parties
wiki.6063,[ADJP],alone," points are awarded as follows : poisonous plant experts advise : '' ... unless you are certain that the berries are from an edible strain , leave them <strong><font color=""blue"">alone</strong></font> .","single , right",nice and easy,very peaceful,just quiet,only alone,sole and only,alone on the boat,alone in the house,quiet enough,here by ourselves
wiki.6346,[NNS],tools," additionally , a set of embeddable webmaster <strong><font color=""blue"">tools</strong></font> are offered to 3rd party websites .",outils,toolkits,mechanisms,means,instruments,tool,paraphernalia,enablers,instrumentalities,devices
wiki.1462,[NN],wave," slick & rose is an atlanta-based pop , new <strong><font color=""blue"">wave</strong></font> and r & b duo that formed in 2000 .",millimeter,golf,flood,groundswell,upsurge,spate,surge,tide,waveform,phase
wiki.6517,[NN],concept," a killing field is a <strong><font color=""blue"">concept</strong></font> in military science .",definition,term,perception,conception,reflection,thinking,idea,kwun,design,principle
wiki.6579,[NNS],costs," also , heritage assets may incur high <strong><font color=""blue"">costs</strong></font> to maintain them and their life might be measured in hundreds of years .",costa,expenditures,fee,charges,expenses,coûts,outlays,cost,expenditure,fees
wiki.3446,[NN],influence," the incident had its <strong><font color=""blue"">influence</strong></font> on the congregation in altenburg , which then numbered almost 100 members .",impact,bearing,influenza,leverage,weight,flu,effect,clout,influencing,effects
wiki.2398,[JJ],other," in 2008 , she earned $ 953,000 in cash and <strong><font color=""blue"">other</strong></font> compensation in exchange for her service on these boards .",andere,different,additional,alia,alternate,related,else,second,various,others
wiki.2706,[VBD],reached," in spite of this poor start moran 's side <strong><font color=""blue"">reached</strong></font> the all-ireland final for the first time in forty-five years .",concluded,obtained,made,hit,achieved,amounted,advancement,met,arrived,found
wiki.1110,[JJ],national," role in <strong><font color=""blue"">national</strong></font> politics .",nationaux,nationalist,nationwide,nation-wide,nationale,ethnic,domestic,nationally,nacional,states
wiki.7724,[CD],3," ldu quito earned the '' ecuador <strong><font color=""blue"">3</strong></font> '' berth for the 2013 copa libertadores .",03,00,15,3-,3rd,300,third,3.00,three,2
wiki.586,[NNS],difficulties," he also maintained a busy private practice at his home in the melbourne suburb of hawthorn specialising in male <strong><font color=""blue"">difficulties</strong></font> and personal issues .",difficultés,hardship,troubles,obstacles,problems,challenges,pitfalls,handicaps,hardships,issues
wiki.5952,[ADVP],never," palmer <strong><font color=""blue"">never</strong></font> married , but was involved in the social life of the north shore of massachusetts , which is relatively densely populated with horse farms .",not yet,no longer,never ever,never again,not once,not even,again - ever,not ever,n't even,ever again
wiki.3449,[NN],game," the indians , too , would lose a starting pitcher to injury and blow a lead in <strong><font color=""blue"">game</strong></font> 3 .",gaming,play,set,hunting,deck,matches,gameplay,stake,hunt,part
wiki.635,[NN],side," he continues thou shalt suffer as a <strong><font color=""blue"">side</strong></font> project to this day .",shoulder,collateral,lateral,camp,flank,aside,hand,shore,part,aspect
wiki.2010,[NN],department," homps is a commune in the aude <strong><font color=""blue"">department</strong></font> in southern france .",directorate,division,management,departmental,secretariat,ministry,sector,governing,office,administration
wiki.7959,[NN],city," the only christian village is sharanpur , or the <strong><font color=""blue"">city</strong></font> of refuge , which was founded by the reverend w.s .",town,ville,shing,municipal,urban,municipality,metropolis,downtown,debtor,precinct
wiki.128,[VBN],broadcast," even though the show is <strong><font color=""blue"">broadcast</strong></font> on the premium channel canal + , this is a non-encrypted program .",aired,retransmitted,broadcasted,disseminate,transmission,circulated,disseminated,diffused,dissemination,distributed
wiki.4805,[NN],town," chautauqua is a <strong><font color=""blue"">town</strong></font> and lake resort community in chautauqua county , new york , united states .",city,shing,municipal,locality,ville,municipality,downtown,townsite,village,township
wiki.7823,[VBN],allowed," logging and grazing is generally <strong><font color=""blue"">allowed</strong></font> on land controlled by these agencies , under federal regulations that balance recreation and development on the land .",tolerated,accepted,authorised,granted,enabled,admitted,licensed,helped,authorized,licence
wiki.2805,[VBD],launched," the album featured a more polished , commercial sound than the band 's earlier albums , and <strong><font color=""blue"">launched</strong></font> the hit '' friend of mine '' .",lance,established,implemented,released,fired,initiated,embarked,started,issued,began
wiki.4939,[NP],a fight," co-owner bill appears , and <strong><font color=""blue"">a fight</strong></font> ensues .",a match,a dispute,a war,a game,a struggle,an argument,a battle,the struggle,a contest,a race
wiki.3234,[NN],fate," the <strong><font color=""blue"">fate</strong></font> of the roller coaster remained unknown .",sort,spell,fortune,destiny,self-determination,doom,destination,batch,whereabouts,curse
wiki.8810,[NN],education," this <strong><font color=""blue"">education</strong></font> encourages self-control and chastity .",training,educational,educative,school,educate,'education,study,instruction,upbringing,schooling
wiki.4478,[VBN],published," below is a list of newspapers <strong><font color=""blue"">published</strong></font> in azerbaijan .",announced,edited,publications,appeared,issued,advertised,disseminated,publicised,produced,released
wiki.1542,[NN],team," southend manor football club is an english football <strong><font color=""blue"">team</strong></font> based in southend-on-sea , essex .",task,group,pc,appliance,crew,machine,equipment,computer,teamwork,force
wiki.2398,[NN],cash," in 2008 , she earned $ 953,000 in <strong><font color=""blue"">cash</strong></font> and other compensation in exchange for her service on these boards .",effective,liquid,money,spot,fluid,species,fund,cash-flow,dough,treasury
wiki.6700,[RB],often," an infected person usually dies within 3 months to 2 years after the first symptoms , <strong><font color=""blue"">often</strong></font> because of pneumonia or pressure sore infection .",regularly,recurrent,mostly,normally,sometimes,generally,commonly,frequency,repeatedly,always
wiki.234,[ADVP],first," <strong><font color=""blue"">first</strong></font> pass effect first visited and surveyed by the british graham land expedition under john riddoch rymill in 1936 .",all very well,the day before,• first,first ever,prior to,in principle,above all,first and foremost,first time,first off
wiki.6482,[PP],to the committee," again in 1700 , bribery was reported <strong><font color=""blue"">to the committee</strong></font> and the agent was committed to newgate prison .",on the commission,for this commission,to the panel,to the cst,in the commission,upon the commission,to the committee responsible,to cerd,before the commission,to the commission
wiki.7582,[PP],on 10," just 19 days after his appointment he led the brigade in its landings in sicily at portopalo bay <strong><font color=""blue"">on 10</strong></font> july .",on june 10,on july 10,on march 10,on february 10,on april 10,on december 10,on september 10,on august 10,on january 10,on october 10
wiki.6415,[NN],treasure," after his death , kagawa was awarded the second-highest honor of japan , induction in the order of the sacred <strong><font color=""blue"">treasure</strong></font> .",sweetheart,wealth,darling,treasury,jewel,honey,cherish,precious,hoard,po
wiki.4812,[NN],father," chiang kai-shek , <strong><font color=""blue"">father</strong></font> and son , sang the republic of china national anthem while leaving the academy all the way to the airfield .",dad,fader,priest,padre,parent,papa,fassia,pop,pa,isa
wiki.4516,[NN],party," bharatiya navshakti <strong><font color=""blue"">party</strong></font> bhawana -lrb- also spelled as bhowana -rrb- -lrb- , -rrb- is the capital of bhawana tehsil and a city in punjab , pakistan .",fiesta,gone,evening,group,parte,working,partie,feast,section,proportion
wiki.3110,[NP],the cycle," <strong><font color=""blue"">the cycle</strong></font> of st .",the life cycle,the reporting period,the vicious cycle,the round,the circle,the bicycle,the cycles,the spiral,the ring,the vicious circle
wiki.5552,[JJ],subsequent," no knight or lance may be dropped on the farthest rank , since it would have no legal move on <strong><font color=""blue"">subsequent</strong></font> turns .",re-screen,eventual,consecutive,later,consequent,posterior,future,successive,following,further
wiki.2303,[NP],afghanistan," in 1979 , the soviet union entered <strong><font color=""blue"">afghanistan</strong></font> , to support its communist government , provoking a 10-year afghan mujahideen guerrilla resistance .",the case of afghanistan,the afghan problem,afghanistan 's,afghan women,that country,afghan territory,this country,afghan people,the situation in afghanistan,the country
wiki.1625,[NP],stone," <strong><font color=""blue"">stone</strong></font> , the eldest son of a london goldsmith , was educated at westminster school and christ church , oxford . ''",the rock,the rocks,a rock,the plate,the cornerstone,the stones,the concrete,the bronze,the foundation,that rock
